Garfield	4	27	Cula4	The mice that live at Jon's house come out of hiding each night to watch TV. 	Tagann na lucha atá ag fanacht Tigh Jon amach gach oíche chun féachaint ar an teilifís.
Ros na Rún	22	28	Drama	Vanessa is absolutely distraught at the idea that Niall has done unspeakable things to Fia. Máire does her very best to keep Niall away from Vanessa.	Tá Vanessa croíbhriste faoin méid a tharla idir Niall agus Fia. Tá sí den tuiscint gur éignigh Niall Fia. Tá Mack ar mhuin na muice tar éis an oíche a chaitheamh in éineacht le Dee. Tá sé ag ceapadh anois go mbeidh cúrsaí mar is ceart eatarthu arís. Ach faraor ní cosúil go bhfuil sise ar aon aigne.
Ros na Rún	22	27	Drama	Evan gives Niall the cold shoulder, but it isn't long until Niall's fury escalates when Evan lets it slip that he knew all along that Niall was Liam Óg's father. Niall makes the heart clenching decisi	Tá Evan ag déanamh neamhaird ar Niall ach ní fada go dtuigeann Niall go raibh a fhios ag Evan i gcónaí gurb é athair Liam Óig é. Socraíonn Niall an fhírinne a insint do Vanessa ach céard a cheapfaidh Fia faoi sin? Tá imní ar Phádraig go gcaillfidh sé a jab. Is léir gur ag insint bréag a bhí Katy faoi mar a bhí an saol sa Spáinn ach tá deacrachtaí aici anois cuimhneamh ar na bréaga atá inste aici.
Ros na Rún	22	26	Drama	After a shocking conversation with Fia, Pól realises the truth about Liam Óg's biological father. In a heated conversation Pól gets angry with Niall and reveals the big secret. This leaves a dumbfound	Tá a fhios ag Pól anois cé hé athair Liam Óig agus insíonn do Niall é le linn achrainn lena chéile. Baineann an scéal an chaint de Niall. Tá Katy ar ais i Ros na Rún agus í ag obair Tigh Gaudi. Ní maith léi go mbeadh a fhios ag aon duine chomh dona is atá cúrsaí idir í féin agus Jason. Is beag nach bhfaightear greim ar Maggie agus ar Thadhg in éineacht san áit a mbídís ag casadh lena chéile fadó.
Ros na Rún	22	25	Drama	Everything is all going to plan for Fia, and she is convinced that Vanessa will be leaving without delay. That is, until Vanessa and Niall have a change of heart. Things begin to heat up when a conver	Tá Fia cinnte anois gur gearr go mbeidh Vanessa ag imeacht agus tá sí thar a bheith sásta faoi. Is beag atá a fhios aici go bhfuil sé beartaithe ag Vanessa agus Niall fanacht tamall eile. Bíonn duine éigin ag cúléisteacht ar chomhrá idir Fia agus Evan agus tá rún ag an té anois leas a bhaint as an eolas. Cé go bhfuil fainic curtha ar Maggie agus ar Thadhg fanacht amach óna chéile, is léir nach bhfuil siad in ann é sin a dhéanamh. Baintear siar as Bobbi Lee é nuair a fhaigheann sí pictiúr mealltach ó Bhriain ach meas tú an aicise a bhí sé i gceist an pictiúr sin a sheoladh?
Ros na Rún	22	24	Drama	The minute Mo thought she had things under control; it all takes a turn for the worst. Could the solution to all her problems be as simple as some male company or will this drive her anxiety through t	Díreach nuair a cheap Mo go raibh cúrsaí faoi smacht aici, tarlaíonn rud éigin eile. An ndéanfadh comhluadar fir maith do Mo meas tú? Ba mhaith le Mack go mbeadh Dee níos compordaí i measc a chairde arís. Tá Gráinne éirithe as ag fiosrú faoi chúrsaí grá Berni ach an bhfaighidh a cuid fiosrachta an ceann is fearr uirthi?
Ros na Rún	22	23	Drama	Frances's suspicions are raised once again, when she realises that Maggie and Tadhg are spending a lot more time together than necessary. The bounce in Berni's step has not gone unnoticed by those in 	Tá amhras ar Frances arís faoi Maggie agus Thadhg ó tharla iad ag caitheamh an oiread ama in éineacht. Tá sé tugtha faoi deara ag muintir Ros na Rún go bhfuil Berni an-sásta na laethanta seo. Tá Gráinne cinnte go bhfuil fear ag Berni agus tá sí leis an scéal a fhiosrú. Níl Mo tagtha chuici féin fós ón ionsaí ach níl sí ag iarraidh dada a ligean uirthi féin le muintir an bhaile. An ndéanfaidh Mo dearmad ar an ionsaí go brách?
Ros na Rún	22	22	Drama	Frances' rage begins to boil with Maggie, after she once again crosses the line. After clear instruction from Frances, Maggie yet again refuses to follow her advice and throws it back in Frances' face	Tá Frances le ceangal le Maggie ach is beag aird atá ag Maggie uirthi. Tá Caitríona agus Muireann in árach a chéile. Tá bagartha anois ag Muireann ar Chaitríona agus tá an-imní go deo uirthi faoi. Tuigeann Adam anois nach bhfuil suim ar bith ag Pádraig ann ach tuigeann Pádraig freisin go raibh duine éigin i gcluas Adam. Tá a fhios ag Pádraig go maith cé a bhí ann.
Ros na Rún	22	21	Drama	Everything seems to be going to plan for Fia in her attempt to send Vanessa packing. Will her plans work out or will the tables turn for Fia and Vanessa? Berni tries to hide her true feelings for Bria	Is cosúil go bhfuil ag éirí go maith le plean Fhia leis an ruaig a chur ar Vanessa. An éireoidh le Fia nó an bhfaighidh Vanessa an ceann is fearr uirthi? Tá suim ag Berni i mBriain ach níl sí ag iarraidh go mbeadh a fhios aigesean é sin. Tá seisean cinnte go bhfuil suim aici ann ach an ndéanfaidh sé dada faoi? Is léir go bhfuil suim ag  Pádraig agus Adam ina chéile nó an bhfuil nó an é go bhfuil Adam á cheapadh?
Ros na Rún	22	20	Drama	Bobbi Lee tries to seduce Briain, but is shocked and stunned at how he responds. Priorities begin to click into place for Briain after this. Fia becomes disorientated when she notices that Vanessa has	Féachann Bobbi Lee le Briain a mhealladh ach ní mó ná sásta a bhíonn sí nuair a eitíonn sé í. Ní mó ná sásta atá Fia ach oiread go bhfuil Vanessa tagtha chun cúnamh a thabhairt di. Tuigeann Fia go gcaithfidh sí ligeann uirthi féin le Vanessa go bhfuil sí ag déanamh go maith le súil is go n-imeoidh sí. Ach an gcuirfear a plean in aer nuair a chasfar Pól uirthi? Tá Maggie ag éirí an-mhór le duine éigin - ach ní hé Tadhg é. Cén chaoi a n-aireoidh Tadhg faoi seo?
Ros na Rún	22	19	Drama	Fia's head has been all over the place, but reality sets in and she realises that she must turn her life around, for her herself and nobody else. Could the return of someone close to home for Fia, lea	Tá Fia fós trína chéile ach tuigeann sí freisin go gcaithfidh sí smacht a ghlacadh ar a saol. An dteastaíonn ó dhuine muinteartha le Fia filleadh ar Ros na Rún len í a chur ar an mbóthar ceart? Goilleann sé ar Thadhg a chloisteáil nach bhfuil an tsláinte go maith ag Maggie. Castar Adam agus Pádraig ar a chéile. Bíonn an bheirt acu cúthail agus míchompordach. An bhfuil suim acu ina chéile?
Ros na Rún	22	28	Drama	Vanessa is absolutely distraught at the idea that Niall has done unspeakable things to Fia. Máire does her very best to keep Niall away from Vanessa.	Tá Vanessa croíbhriste faoin méid a tharla idir Niall agus Fia. Tá sí den tuiscint gur éignigh Niall Fia. Tá Mack ar mhuin na muice tar éis an oíche a chaitheamh in éineacht le Dee. Tá sé ag ceapadh anois go mbeidh cúrsaí mar is ceart eatarthu arís. Ach faraor ní cosúil go bhfuil sise ar aon aigne.
Garfield	4	28	Cula4	When Liz's cousin comes to stay with Jon he puts Garfield on a diet in order to save money.	Cuireann Jon Garfield ar aiste bia chun airgead a shábháil mar go bhfuil col ceathrair Liz ag fanacht in éineacht leo.
Cat a' Hata	1	60	Cula4	Nick and Sally are playing when their ball gets caught up high in the branches of a tree. Oh how they wish they were tall!	Téann liathróid Nic agus Sailí i bhfostú sa chrann nuair a bhíonn siad ag imirt cluiche. Nach é an peaca é nach bhfuil siad ard.
Cat a' Hata	1	59	Cula4	It's Fish's birthday and Nick and Sally want to get him a special present but whom can they ask for ideas?	Inniu breithlá Iasc ach níl cliú ag Nic ná ag Sailí céard a gheobhaidh siad dó. Cé a thabharfaidh moltaí maithe dóibh?
Garfield	4	27	Cula4	The mice that live at Jon's house come out of hiding each night to watch TV. 	Tagann na lucha atá ag fanacht Tigh Jon amach gach oíche chun féachaint ar an teilifís.
Garfield	4	26	Cula4	When Dr. Whipple states that no one can have control over another person's dreams he makes little Nathan angry.	Cuireann sé olc ar Nathan nuair a deir an Dochtúir Whipple nach féidir le daoine cumhacht a bheith acu ar aislingí dhaoine eile.
Garfield	4	25	Cula4	When Garfield gets a special collar in the post, that will make dogs stop barking, he is delighted with himself! 	Nuair a fhaigheann Garfield coiléar speisialta sa phost, a stopann madraí ag tafann, bíonn sé thar a bheith sásta! 
Garfield	4	24	Cula4	When Dr. Bonkers makes a pair of glasses that can see into the future he is delighted with himself. 	Déanann an Dochtúir Bonkers spéaclaí speisialta ar féidir an todhchaí a fheiceáil leo agus bíonn sé thar a bheith sásta leis féin.
Garfield	4	23	Cula4	When Minerva and Drusilla come to visit it doesn't take long to realise that they are very sad about something.	Tá ní éigin ag cur isteach ar Minerva agus Drusilla.
Garfield	4	22	Cula4	Jon tells Garfield he's not allowed to watch horror films all night, but when Jon has to go out unexpectedly, Garfield does as he pleases.	Níl cead ag Garfield féachaint ar scannáin uafáis ach nuair nach bhfuil Jon ann, déanann Garfield a rogha rud.
Garfield	4	21	Cula4	Doc. Whipple puts a fear of cats in Garfield, which makes life very difficult for him.	Tá faitíos ar Garfield roimh chait á bhuíochas don Dochtúir Whipple. 
Garfield	4	20	Cula4	Garfield is depressed and thinks he makes no difference to the world. An old friend shows him what the world would look like without him.	Ceapann Garfield nach ndéanann sé difríocht ar bith don domhan. Féachann a chara le taispeáint dó go ndéanann sé difríocht. 
Garfield	4	19	Cula4	Renfrew is always complaining because he thinks cats have a better life than dogs, so the cats decide to teach him a lesson.	Bíonn Renfrew go síoraí ag cur de mar go gceapann sé go bhfuil saol níos fearr ag cait ná ag madraí, mar sin socraíonn na cait ceacht a mhúineadh dó.
Garfield	4	18	Cula4	Garfield thinks it's a good idea to create a copy of Jon so that Odie won't be lonely while he's away, but the idea gives him trouble rather than peace.	Cruthaíonn Garfield Jon eile sa chaoi is nach mbeidh Odie uaigneach nuair a bheidh Jon imithe, ach is mó trioblóid ná síocháin a tharraingíonn sé áfach.
Garfield	4	16	Cula4	The mice go on a hike but one young, talkative mouse gets left behind... with Garfield. Will he be able to put up with her for the day?

	Fágann na lucha luch bheag chainteach amháin ina ndiaidh in éineacht le Garfield agus iad amuigh ag siúl. An mbeidh sé in ann cur suas léi ar feadh an lae?
Cat a' Hata	1	60	Cula4	Nick and Sally are playing when their ball gets caught up high in the branches of a tree. Oh how they wish they were tall!	Téann liathróid Nic agus Sailí i bhfostú sa chrann nuair a bhíonn siad ag imirt cluiche. Nach é an peaca é nach bhfuil siad ard.
Cat a' Hata	1	59	Cula4	It's Fish's birthday and Nick and Sally want to get him a special present but whom can they ask for ideas?	Inniu breithlá Iasc ach níl cliú ag Nic ná ag Sailí céard a gheobhaidh siad dó. Cé a thabharfaidh moltaí maithe dóibh?
Cat a' Hata	1	58	Cula4	Nick and Sally are excited to jump in the giant puddle in their backyard-but it's gone! Where did it go?	Tá Nic agus Sailí ag súil go mór le léim isteach sa lochán uisce atá sa ngairdín - ach tá sé imithe. Cá ndeachaigh sé?
Cat a' Hata	1	57	Cula4	Nick and Sally are exploring how deep they can dig in the sandbox. 	Tá Nic agus Sailí ag iarraidh a fháil amach cé chomh domhain agus atá siad in ann tochailt sa mbosca gainimh. 
Cat a' Hata	1	56	Cula4	Sally and Nick are having fun trying out different moves when the Cat arrives to show them some cool moves of his own. 	Bíonn Sailí agus Nic ag triail gluaiseachtaí nua a dhéanamh nuair a thagann an Cat le gluaiseachtaí dá chuid féin.
Cat a' Hata	1	55	Cula4	Sally and Nick are pretending to be butterflies, but they're not very good at it! 	Tá Sailí agus Nic ag ligean orthu féin gur féileacáin iad, ach níl aon mhaith leo. 
Cat a' Hata	1	53	Cula4	Phew! It's hot outside! How are Sally and Nick going to stay cool?	Tá sé te taobh amuigh inniu, cén chaoi a bhfanfaidh Sailí agus Nic fuar? 
Cat a' Hata	1	52	Cula4	Nick has difficulty learning a "disappearing" magic trick. 	Níl Nic in ann a chleas draíochta a dhéanamh i gceart. 
Cat a' Hata	1	51	Cula4	Nick and Sally are trying out their new blue rubber boots but they keep getting stuck in the mud! 	Tá Nic agus Sailí ag caitheamh a gcuid buataisí nua ach tá siad ag dul i bhfostú sa bpuiteach. 
Cat a' Hata	1	50	Cula4	Nick and Sally are making Halloween masks, but they want to make them really scary! 	Tá maisc d'Oíche Shamhna á ndéanamh ag Sailí agus Nic agus tá siad ag iarraidh go mbeidh siad an-scanrúil.  
Cat a' Hata	1	49	Cula4	Nick's favourite smell is chocolate chip cookies! But what is Sally's? She's not sure. 	Is é an boladh atá ar bhrioscaí sceallaí seacláide an boladh is fearr le Nic, ach níl a fhios ag Sailí cén boladh is ansa léi féin.
Cat a' Hata	1	48	Cula4	Nick and Sally are trying to whistle but they just can't seem to get it right!	Níl Sailí ná Nic in ann feadaíl.
Ainmhithe Beaga Thart Orainn	2	10	Cula4	Today we take a look at more pet babies to see how they spend their afternoon.	Caithfimid súil ar mar a chaitheann tuilleadh ainmhithe óga atá ina bpeataí an tráthnóna.
Astroblast!	1	23	Cula4	Sputnik starts to make a lot of changes in the café, but her friends are not very happy with her because now they don't know where anything is!	Tá Sputnik ag déanamh go leor athruithe sa chaifé. Ní mó ná sásta atá a cuid cairde mar níl a fhios acu cá bhfuil dada anois. 
Dochreidte Gan Dabht	5	9	Cula4	Today we will see some extraordinary official world record attempts from around the world. Our competitors take on the challenge of the fastest 20m bum walk. Presented by Eoghan Ó Loideáin.	Seo é Dochreidte Gan Dabht, an clár ar a mbeidh na curiarrachtaí is aistí, is iontaí agus is dochreidte dá bhfaca tú riamh. An té is tapa a rachaidh 20m ar a dtóin is ea comórtas an lae inniu. Á chur i láthair ag Eoghan Ó Loideáin.
Astroblast!	1	21	Cula4	There are visitors coming to the spaceship today and everyone is trying their best to clean the place up, everyone except Radar that is!	Tá cuairteoirí ag teacht inniu agus tá gach duine ag glanadh na spásloinge, gach duine seachas Radar!
Astroblast!	1	19	Cula4	Today Halley is left in charge of the café all by herself! 	Tá Halley i gceannas ar an gcaifé léi féin inniu. 
Astroblast!	1	17	Cula4	Radar only wants to play one game and he wants all of his friends to play that game exactly as he tells them too.	Níl Radar ag iarraidh ach cluiche amháin a imirt agus tá sé ag iarraidh ar a chairde imirt de réir a chuid rialacha. 
Dochreidte Gan Dabht	5	8	Cula4	Today we will see some extraordinary official world record attempts from around the world including the furthest washing machine throw.  Presented by Eoghan Ó Loideáin.	Seo é Dochreidte Gan Dabht, an clár ar a mbeidh na curiarrachtaí is aistí, is iontaí agus is dochreidte dá bhfaca tú riamh. Beidh comórtas idir na hiomaitheoirí cé is faide a chaithfidh meaisín níocháin. Á chur i láthair ag Eoghan Ó Loideáin.
Dochreidte Gan Dabht	3	4	Cula4	This is Officially Amazing! Today we will see some extraordinary official world record attempts from around the world including real life cowboy Will Roberts. Will is attempting records involving guns	Seo é Dochreidte Gan Dabht, an clár ar a mbeidh na curiarrachtaí is aistí, is iontaí agus is dochreidte dá bhfaca tú riamh - an buachaill bó, Will Roberts ina measc a bheidh ag tabhairt faoi churiarrachtaí le gunnaí agus rópaí. Á chur i láthair ag Eoghan Ó Loideáin.
Dochreidte Gan Dabht	5	7	Cula4	This is Officially Amazing! Today we will see some extraordinary official world record attempts from around the world including the most skips while sitting, in one minute. Presented by Eoghan Ó Loide	Seo é Dochreidte Gan Dabht, an clár ar a mbeidh na curiarrachtaí is aistí, is iontaí agus is dochreidte dá bhfaca tú riamh. An líon is mó scipeanna a dhéanamh i do shuí síos i nóiméad amháin ina measc. Á chur i láthair ag Eoghan Ó Loideáin.
Dochreidte Gan Dabht	5	6	Cula4	This is Officially Amazing! Today we will see some extraordinary official world record attempts from around the world. The Moffatt brothers are back! Presented by Eoghan Ó Loideáin.	Seo é Dochreidte Gan Dabht, an clár ar a mbeidh na curiarrachtaí is aistí, is iontaí agus is dochreidte dá bhfaca tú riamh. Tá na deartháireacha Moffatt ar ais. Á chur i láthair ag Eoghan Ó Loideáin. 
Dochreidte Gan Dabht	3	3	Cula4	This is Officially Amazing! Today we will see some extraordinary official world record attempts from around the world including daring Alex and JD attempting some dangerous moves on the ice! Presented	Seo é Dochreidte Gan Dabht, an clár ar a mbeidh na curiarrachtaí is aistí, is iontaí agus is dochreidte dá bhfaca tú riamh - Alex agus JD ag tabhairt faoi churiarracht contúirteach ar oighear ina measc! Á chur i láthair ag Eoghan Ó Loideáin. 
Dochreidte Gan Dabht	5	5	Cula4	This is Officially Amazing! Today we will see some extraordinary official world record attempts from around the world like the most backward basketball three pointers in one minute. Presented by Eogha	Seo é Dochreidte Gan Dabht, an clár ar a mbeidh na curiarrachtaí is aistí, is iontaí agus is dochreidte dá bhfaca tú riamh. Féachfaidh duine amháin le curiarracht nua a bhaint amach i gcúrsaí cispheile anocht. Á chur i láthair ag Eoghan Ó Loideáin.
Dochreidte Gan Dabht	5	4	Cula4	This is Officially Amazing! Today we will see some extraordinary official world record attempts from around the world like the most eggs cracked with a bullwhip in one minute. Presented by Eoghan Ó Lo	Seo é Dochreidte Gan Dabht, an clár ar a mbeidh na curiarrachtaí is aistí, is iontaí agus is dochreidte dá bhfaca tú riamh. An líon is mó uibheacha a féidir a scoilteadh le tarbhlasc i nóiméad amháin ina measc. Á chur i láthair ag Eoghan Ó Loideáin.
Dochreidte Gan Dabht	5	3	Cula4	This is Officially Amazing! Today we will see some extraordinary official world record attempts from around the world like the fastest time to carry two fridges 20 metres. Presented by Eoghan Ó Loideá	Seo é Dochreidte Gan Dabht, an clár ar a mbeidh na curiarrachtaí is aistí, is iontaí agus is dochreidte dá bhfaca tú riamh. An duine is sciobtha atá in ann dhá chuisneoir a iompar ar feadh 20 méadar ina measc. Á chur i láthair ag Eoghan Ó Loideáin.
Dochreidte Gan Dabht	5	2	Cula4	This is Officially Amazing! Today we will see some extraordinary official world record attempts from around the world. Our competitors competition today is, most jelly fed to another person, with a sp	Seo é Dochreidte Gan Dabht, an clár ar a mbeidh na curiarrachtaí is aistí, is iontaí agus is dochreidte dá bhfaca tú riamh. Féachfaidh iomaitheoirí an lae inniu le glóthach a choinneáil le duine eile le spúnóg lena gcos. Á chur i láthair ag Eoghan Ó Loideáin.
Dochreidte Gan Dabht	3	1	Cula4	This is Officially Amazing! Today we will see some extraordinary official world record attempts from around the world. We meet Franky Zapata who is trying to beat a world record on a fly board! Presen	Seo é Dochreidte Gan Dabht, an clár ar a mbeidh na curiarrachtaí is aistí, is iontaí agus is dochreidte dá bhfaca tú riamh. Buailfimid le Franky Zapata atá ag iarraidh curiarracht a bhaint amach ar bhord eitilte! Á chur i láthair ag Eoghan Ó Loideáin. 
Dochreidte Gan Dabht	4	1	Cula4	This is Officially Amazing! Today we will see some extraordinary official world record attempts from around the world. Chloe Bruce attempts to break a world record for most scorpion kicks in one minut	Seo é Dochreidte Gan Dabht, an clár ar a mbeidh na curiarrachtaí is aistí, is iontaí agus is dochreidte dá bhfaca tú riamh. Féachfaidh Chloe Bruce le curiarracht a bhaint amach leis an líon is mó ciceanna scairpe i nóiméad amháin a dhéanamh. Á chur i láthair ag Eoghan Ó Loideáin.
Ainmhithe Beaga Thart Orainn	2	9	Cula4	Today we take a look at more pet babies to see how they spend their morning.	Caithfimid súil ar mar a chaitheann tuilleadh ainmhithe óga atá ina bpeataí an mhaidin.
Ainmhithe Beaga Thart Orainn	2	8	Cula4	Today we take a look at urban baby animals to see how they spend their afternoon.	Caithfimid súil ar mar a chaitheann ainmhithe óga sa chathair an tráthnóna.
Ainmhithe Beaga Thart Orainn	2	7	Cula4	Today we take a look at urban baby animals to see how they spend their morning.	Caithfimid súil ar mar a chaitheann ainmhithe óga sa chathair an mhaidin.
Ainmhithe Beaga Thart Orainn	2	6	Cula4	Today we take a look at zoo baby animals to see how they spend their afternoon.	Caithfimid súil ar mar a chaitheann ainmhithe óga sa zú an tráthnóna.
Ainmhithe Beaga Thart Orainn	2	5	Cula4	Today we take a look at zoo baby animals to see how they spend their morning.	Caithfimid súil ar mar a chaitheann ainmhithe óga sa zú an mhaidin.
Ainmhithe Beaga Thart Orainn	2	4	Cula4	Today we take a look at farm baby animals to see how they spend their afternoon.	Caithfimid súil ar mar a chaitheann ainmhithe óga feirme an tráthnóna.
Ainmhithe Beaga Thart Orainn	2	3	Cula4	Today we take a look at farm baby animals to see how they spend their morning.	Caithfimid súil ar mar a chaitheann ainmhithe óga feirme an mhaidin.
Ainmhithe Beaga Thart Orainn	2	2	Cula4	Today we take a look at pet baby animals to see how they spend their afternoon.	Caithfimid súil ar mar a chaitheann ainmhithe óga ar peataí iad an tráthnóna.
Ainmhithe Beaga Thart Orainn	2	1	Cula4	Today we take a look at pet baby animals to see how they spend their morning.	Caithfimid súil ar mar a chaitheann ainmhithe óga ar peataí iad an mhaidin.
Ainmhithe Beaga Thart Orainn	2	20	Cula4	Today we take a look at even more zoo babies to see how they spend their afternoon.	Caithfimid súil ar mar a chaitheann tuilleadh ainmhithe óga sa zú an tráthnóna.
Ainmhithe Beaga Thart Orainn	2	19	Cula4	Today we take a look at even more zoo babies to see how they spend their morning.	Caithfimid súil ar mar a chaitheann tuilleadh ainmhithe óga sa zú an mhaidin.
Olivia	1	23	Cula4	It's time for the annual school play, but Olivia's stuck playing the part of 'Cow #2,' while Francine lands the starring role.	Tá sé in am do dhráma bliantúil na scoile ach páirt ‘bó uimhir a dó’ atá ag Olivia bhocht. 
Olivia	1	23	Cula4	It's time for the annual school play, but Olivia's stuck playing the part of 'Cow #2,' while Francine lands the starring role.	Tá sé in am do dhráma bliantúil na scoile ach páirt ‘bó uimhir a dó’ atá ag Olivia bhocht. 
Olivia	1	22	Cula4	Olivia and her family go to the beach where Olivia finds an oyster. 	Téann Olivia agus an teaghlach chuig an trá, áit a n-aimsíonn Olivia oisre. 
Olivia	1	21	Cula4	Olivia decides to have her own children!	Socraíonn Olivia páistí dá cuid féin a bheith aici.
Olivia	1	20	Cula4	Ruadhán’s leg is itching like mad and Doctor Olivia tries to cure it.	Tá tochas aisteach i gcos Ruadháin. Féachann an dochtúir Olivia len é a leigheas.
Olivia	1	19	Cula4	As Mother tries to get baby William to sleep, Olivia, Ian and Julian create a backyard parade.	Tá sé ag cinneadh ar Mhamaí William a chur a chodladh mar go bhfuil Olivia, Cian agus Ruadhán i mbun paráide sa ghairdín.
Olivia	1	18	Cula4	When Father takes an out-of-town business trip, Olivia doesn't want him to miss a thing. 	Níl Olivia ag iarraidh go gcaillfidh Daide dada nuair a bheidh sé as baile agus mar sin déanann sí dialann físe dó.
Olivia	1	17	Cula4	Olivia designs some fabulous clothes and is determined to put on her own fashion show. 	Tar éis di a bheith ag seó faisin in éineacht le Mamó, seó nach raibh cuma ná caoi air, socraíonn Olivia a seó faisin féin a chur i láthair.
Olivia	1	16	Cula4	The class bullfrog is loose, and Mrs. Hogenmuller leaves Olivia in charge as she  goes to track it down. 	Téann frog an ranga ar iarraidh agus fágann an múinteoir Olivia i gceannas ar an rang fad is a bhíonn sí á chuardach.
Olivia	1	15	Cula4	After Olivia teases Ian for being too short for a ride, Father mentions that some day Ian may be the taller sibling.	Tá Olivia ag magadh faoi Chian mar go bhfuil sé beag.
Olivia	1	14	Cula4	Olivia is thrilled to be invited to Francine's for dinner, until she learns that she must reciprocate with an invitation.	Tugann Fraincín cuireadh d'Olivia chuig dinnéar sa teach. 
Olivia	1	13	Cula4	Grandma is coming to visit, and Olivia couldn't be more excited. 	Tá Olivia ar bís mar go bhfuil Mamó ag teacht ar cuairt.  
Whiz sa Chistin	1	24	Cula4	Whiz sa Chistin is a game show based around food where each week 4 Children test their skills in the kitchen by completing fun food challenges and answering questions. In today's show Eoin and Sienna 	Seó cluichí é Whiz sa Chistin atá bunaithe ar bhia. Beidh ceathrar leanaí sa chistin ar gach clár agus beidh a fhios againn cé chomh maith is atá said sa chistin nuair a chaithfidh siad tabhairt faoi dhúshlán bia agus ceisteanna go leor a fhreagairt. Ar chlár an lae inniu tabharfaidh Eoin agus Sienna aghaidh ar Abbie agus ar Chian.
Fir Bolg	1	6	Drama	The final gig is approaching and the band are still without their leader. As the big night approaches, they wonder if they can pull it off. Guest Staring Patrick Bergin, Conal Gallen and Phelim Drew.	Tá an gig deiridh ag teannadh leo agus níl an príomhamhránaí ar ais go fóill. Meas tú an éireoidh leo seó ar bith a chur chun stáitse? I measc na n-aisteoirí speisialta sa chlár seo beidh Patrick Bergin, Conal Gallen agus Phelim Drew.
Fir Bolg	1	4	Drama	Scandal haunts the band and their gigs aren't selling. So, their manager secures them a coveted spot on the Late Late in an attempt to turn their fortunes around. Guest starring Amy Huberman, Ryan Tub	Is beag tóir atá ar thicéid do na gigeanna mar gheall ar scannal a tharla blianta ó shin. Éiríonn leis an mbainisteoir áit a fháil dóibh ar an 'The Late Late Show' le súil is go dtiocfaidh athrú air sin.. I measc na n-aisteoirí speisialta sa chlár seo beidh Amy Huberman, Ryan Tubridy, Brendan Grace agus Fiachna Ó Braonáin.
Whiz sa Chistin	1	23	Cula4	Whiz sa Chistin is a game show based around food where each week 4 Children test their skills in the kitchen by completing fun food challenges and answering questions. In today's show Aisling and Pádr	Seó cluichí é Whiz sa Chistin atá bunaithe ar bhia. Beidh ceathrar leanaí sa chistin ar gach clár agus beidh a fhios againn cé chomh maith is atá said sa chistin nuair a chaithfidh siad tabhairt faoi dhúshlán bia agus ceisteanna go leor a fhreagairt. Ar chlár an lae inniu tabharfaidh Aisling agus Pádraig aghaidh ar Shaunagh agus ar Rónán.
Whiz sa Chistin	1	22	Cula4	Whiz sa Chistin is a game show based around food where each week 4 Children test their skills in the kitchen by completing fun food challenges and answering questions. In today's show Aoibhean and Jam	Seó cluichí é Whiz sa Chistin atá bunaithe ar bhia. Beidh ceathrar leanaí sa chistin ar gach clár agus beidh a fhios againn cé chomh maith is atá said sa chistin nuair a chaithfidh siad tabhairt faoi dhúshlán bia agus ceisteanna go leor a fhreagairt. Ar chlár an lae inniu tabharfaidh Aoibhean agus James aghaidh ar Orianna agus ar Chormac.
Whiz sa Chistin	1	21	Cula4	Whiz sa Chistin is a game show based around food where each week 4 Children test their skills in the kitchen by completing fun food challenges and answering questions. In today's show Aoife and Ava co	Seó cluichí é Whiz sa Chistin atá bunaithe ar bhia. Beidh ceathrar leanaí sa chistin ar gach clár agus beidh a fhios againn cé chomh maith is atá said sa chistin nuair a chaithfidh siad tabhairt faoi dhúshlán bia agus ceisteanna go leor a fhreagairt. Ar chlár an lae inniu tabharfaidh Aoife agus Ava aghaidh ar Emily agus ar Lillian.
Whiz sa Chistin	1	20	Cula4	Whiz sa Chistin is a game show based around food where each week 4 Children test their skills in the kitchen by completing fun food challenges and answering questions. In today's show Tobi and Amma co	Seó cluichí é Whiz sa Chistin atá bunaithe ar bhia. Beidh ceathrar leanaí sa chistin ar gach clár agus beidh a fhios againn cé chomh maith is atá said sa chistin nuair a chaithfidh siad tabhairt faoi dhúshlán bia agus ceisteanna go leor a fhreagairt. Ar chlár an lae inniu tabharfaidh Tobi agus Amma aghaidh ar Chaoimhín agus ar Oisín.
Whiz sa Chistin	1	19	Cula4	Whiz sa Chistin is a game show based around food where each week 4 Children test their skills in the kitchen by completing fun food challenges and answering questions. In today's show Beatrice and Blá	Seó cluichí é Whiz sa Chistin atá bunaithe ar bhia. Beidh ceathrar leanaí sa chistin ar gach clár agus beidh a fhios againn cé chomh maith is atá said sa chistin nuair a chaithfidh siad tabhairt faoi dhúshlán bia agus ceisteanna go leor a fhreagairt. Ar chlár an lae inniu tabharfaidh Beatrice agus Bláthnaid aghaidh ar Aimee agus ar Eimear. 
Whiz sa Chistin	1	18	Cula4	Whiz sa Chistin is a game show based around food where each week 4 Children test their skills in the kitchen by completing fun food challenges and answering questions. In today's show Haylee and Luke 	Seó cluichí é Whiz sa Chistin atá bunaithe ar bhia. Beidh ceathrar leanaí sa chistin ar gach clár agus beidh a fhios againn cé chomh maith is atá said sa chistin nuair a chaithfidh siad tabhairt faoi dhúshlán bia agus ceisteanna go leor a fhreagairt. Ar chlár an lae inniu tabharfaidh Haylee agus Luke aghaidh ar Alex agus ar Aoife.
Whiz sa Chistin	1	17	Cula4	Whiz sa Chistin is a game show based around food where each week 4 Children test their skills in the kitchen by completing fun food challenges and answering questions. In today's show Jack and Neasa c	Seó cluichí é Whiz sa Chistin atá bunaithe ar bhia. Beidh ceathrar leanaí sa chistin ar gach clár agus beidh a fhios againn cé chomh maith is atá said sa chistin nuair a chaithfidh siad tabhairt faoi dhúshlán bia agus ceisteanna go leor a fhreagairt. Ar chlár an lae inniu tabharfaidh Jack agus Neasa aghaidh ar Mhicheál agus ar Aisling.
Whiz sa Chistin	1	18	Cula4	Whiz sa Chistin is a game show based around food where each week 4 Children test their skills in the kitchen by completing fun food challenges and answering questions. In today's show Haylee and Luke 	Seó cluichí é Whiz sa Chistin atá bunaithe ar bhia. Beidh ceathrar leanaí sa chistin ar gach clár agus beidh a fhios againn cé chomh maith is atá said sa chistin nuair a chaithfidh siad tabhairt faoi dhúshlán bia agus ceisteanna go leor a fhreagairt. Ar chlár an lae inniu tabharfaidh Haylee agus Luke aghaidh ar Alex agus ar Aoife.
Whiz sa Chistin	1	17	Cula4	Whiz sa Chistin is a game show based around food where each week 4 Children test their skills in the kitchen by completing fun food challenges and answering questions. In today's show Jack and Neasa c	Seó cluichí é Whiz sa Chistin atá bunaithe ar bhia. Beidh ceathrar leanaí sa chistin ar gach clár agus beidh a fhios againn cé chomh maith is atá said sa chistin nuair a chaithfidh siad tabhairt faoi dhúshlán bia agus ceisteanna go leor a fhreagairt. Ar chlár an lae inniu tabharfaidh Jack agus Neasa aghaidh ar Mhicheál agus ar Aisling.
Whiz sa Chistin	1	16	Cula4	Whiz sa Chistin is a game show based around food where each week 4 Children test their skills in the kitchen by completing fun food challenges and answering questions. In today's show Hugh and Daniel 	Seó cluichí é Whiz sa Chistin atá bunaithe ar bhia. Beidh ceathrar leanaí sa chistin ar gach clár agus beidh a fhios againn cé chomh maith is atá said sa chistin nuair a chaithfidh siad tabhairt faoi dhúshlán bia agus ceisteanna go leor a fhreagairt. Ar chlár an lae inniu tabharfaidh Hugh agus Daniel aghaidh ar Matthew agus ar Fhionn.
Whiz sa Chistin	1	15	Cula4	Whiz sa Chistin is a game show based around food where each week 4 Children test their skills in the kitchen by completing fun food challenges and answering questions. In today's show Aoife and Róisín	Seó cluichí é Whiz sa Chistin atá bunaithe ar bhia. Beidh ceathrar leanaí sa chistin ar gach clár agus beidh a fhios againn cé chomh maith is atá said sa chistin nuair a chaithfidh siad tabhairt faoi dhúshlán bia agus ceisteanna go leor a fhreagairt. Ar chlár an lae inniu tabharfaidh Aoife agus Róisín aghaidh ar Ella agus ar Bhríd.
Saol Faoi Shráid	1	25	Cula4	It’s Christmas and Ribín & Glibín want to give each other a present.   Things work out for them in the end with Cicí’s help and Cicí learns that love is the best present of all.  
	Sraith puipéadóireachta do ghasúir réamhscoile. Bí i dteannta Ghlibín agus Ribín, carachtair ó dhomhan eile a thuairteann ar an domhan seo ina spáslong. Tá cónaí anois orthu faoin tsráid agus tá cairde nua acu; Cicí, Rocco & Dris a bhfuil banna rac ceoil acu; “Na feithidí “. Bíonn fadhb le réiteach ag Ribín & ag Glibín i ngach clár agus éiríonn leo le cabhair ó dhaoine óga a bhfuil cónaí orthu os cionn na sráide. Beidh neart amhrán nua-chumtha, scéalta idir nua agus aitheanta ó litríocht na Gaeilge agus spraoi.
Saol Faoi Shráid	1	24	Cula4	Har! Har! Ribín and Glibín have been captured by the Pirates.  Will they manage to escape? Ribín isn’t very hopeful but then Glibín thinks of a great plan…… 
	Har! Har! Tá Ribín agus Glibín fuadaithe ag foghlaithe mara. An féidir leo éalú? Ní bhíonn mórán dóchais ag Ribín go dtí go smaoiníonn Glibín ar phlean.
Saol Faoi Shráid	1	23	Cula4	Ribín is delighted when she is given a magic ring. This ring has amazing powers and can make your dreams come true.  Not everything works out the way you might hope however, as poor Ribín finds out.
	Bíonn ríméad ar Ribín nuair a fhaigheann sí fáinne draíochta. Is fáinne draíochta é a thugann mian do chroí duit ach ní mar a shíltear a bhítear i gcónaí, ceacht a fhoghlaimíonn Ribín bhocht. 
Saol Faoi Shráid	1	22	Cula4	There’s a thief in the underground world. Rocco’s Balloon has disappeared. Who took it? Dris is on the scene to investigate. Above ground, Ribín's young friends are busy spying.
	Tá gadaí thíos faoin tsráid! Ghoid sé balún Rocco. Ach cé hé féin?  Tá an bleachtaire Dris in aice láimhe agus bí cinnte go mbeidh freagra na ceiste aigesean! Os cionn sráide, tá cairde Ribín & Glibín ag spiaireacht. 

Saol Faoi Shráid	1	21	Cula4	It’s April Fool’s Day and Ribín and Glibín want to play a trick on her friends. But perhaps she plays the trick once too often. Poor Ribín
	Lá na nAmadán atá ann agus tá Ribín ag iarraidh cleas a imirt ar a cuid cairde. Ach filleann an feall ar an bhfeallaire. Ribín bhocht! Tá cairde Ribín & Ghlibín ag imirt cleas os cionn sráide chomh maith. 
Saol Faoi Shráid	1	20	Cula4	It’s Cicí’s Birthday. Rocco makes a beautiful birthday cake for her. Ribín and Glibín drop the cake by accident. Will they manage to replace the cake before the party? 
	Breithlá Chicí atá ann agus déanann Rocco cáca álainn di. Ach milleann Ribín agus Glibín é trí thimpiste. An féidir leo cáca eile a dhéanamh in am don chóisir?

Saol Faoi Shráid	1	19	Cula4	Ribín breaks Dris’ drum by accident. Will they be able to replace it? And will they be able to replace it before the big concert? 
	Briseann Ribín druma Dhris trí thimpiste. An féidir leo an ceol céanna a bhaint as rud éigin eile?  Agus an féidir é a dhéanamh in am don cheolchoirm mhór?

Saol Faoi Shráid	1	18	Cula4	Stone Soup? Is it even possible? Cicí, Ribín & co. discover that maybe it is possible to make soup from a stone with a little bit of co-operation and kindness. 
	An féidir anraith a dhéanamh as clocha? Is féidir, is cosúil, má bhíonn gach duine go deas lena chéile agus má bhíonn gach duine sásta cúnamh a thabhairt. Os cionn sráide, bíonn neart le foghlaim ag Ribín & Glibín faoi bheith ag obair as lámh a chéile.
Saol Faoi Shráid	1	17	Cula4	Ribín & Glibín hear the story of the Salmon of Knowledge for the first time.  We see the story re-enacted with the cast below ground.  Ribín wonders what it would be like to be as smart as Fionn Mac C	Cloiseann Ribín & Glibín an scéal faoin mBradán Feasa den chéad uair. Bíonn siad an-tógtha leis an scéal. Ba mhaith le Ribín a bheith chomh cliste le Fionn Mac Cumhaill. 

Saol Faoi Shráid	1	16	Cula4	Ribín’s imagination runs away with her. She imagines a sequence of events that lead to a fairytale ending, that is until the others bring her back to reality.  Meanwhile, above ground, there’s the mat	Tá an tsamhlaíocht ag fáil an cheann is fearr ar Ribín! Os cionn sráide, tá uibheacha ar iarraidh. Meas tú cé a ghoid iad? 
Saol Faoi Shráid	1	15	Cula4	Ribín is making a present for Glibín as a surprise. Glibín can’t figure out why Ribín is avoiding him and his feelings are hurt. He is very lonely without her..	Tá Ribín ag déanamh bronntanais do Ghlibín i ngan fhios dó. Ceapann Glibín gurb é nach bhfuil sí mór leis níos mó agus bíonn sé an-uaigneach dá huireasa.
Saol Faoi Shráid	1	12	Cula4	Each of the friends below ground need something but they don’t have any money. The funny thing is that each of them have got items that they want to throw away as well. Perhaps a bit of swapping and c	Tá rudaí nua de dhíth ar gach duine dár gcairde thíos faoin tsráid ach níl aon phingin acu. Tá daoine eile ag caitheamh rudaí amach.  An bhfuil réiteach na faidhbe os a gcomhair amach?
Saol Faoi Shráid	1	11	Cula4	Glibín would like to be a Superhero but he doesn’t think he has  any super powers. His friends show him that maybe he does have a special power after all and that he is better than any superhero! 
	Ba mhaith le Glibín a bheith ina shárlaoch ach níl aon chumhacht speisialta aige! Taispeánann a chairde dó go bhfuil cumhacht iontach aige agus go bhfuil sé níos fearr ná sárlaoch ar bith. 
Saol Faoi Shráid	1	10	Cula4	A Phone falls down the drain from the street above. It’s little Red Riding Hood’s phone. Will Ribín & Glibín be able to prevent the Wolf from meeting up with Little Red Riding Hood and change the endi	Titeann fón anuas den tsráid. Fón Chochaillín Dearg atá ann. An féidir le Ribín agus Glibín í a thabhairt slán ón mac tíre?
Saol Faoi Shráid	1	9	Cula4	Cící participates in a big singing competition. On her return, she hurts Ribín’s feelings. She is a big star now. She doesn’t have any time for her friend. But then, she loses her voice after too much	Nuair a thagann Cící abhaile ó chomórtas amhránaíochta ní bhíonn sí róchairdiúil le Ribín.  Is réalta mhór anois í.  Níl am aici le bheith ag caint lena cara. Ach ansin cailleann sí a guth. An mbeidh Ribín sásta cabhrú léi?  Beidh cairde le Ribín & Glibín os cionn sráide ag canadh sa seomra ranga freisin. 

Saol Faoi Shráid	1	8	Cula4	Cící writes a play with Glibín in the main part! The story of Oisín & Niamh as we have never heard it before.  Cicí is quite the bossy director! 
	Scríobhann Cící dráma agus is ag Glibín a bhíonn an phríomhpháirt! Scéal Oisín agus Niamh atá ann ach ní mar a chuala muid cheana é! Baineann Cící an-taitneamh as a ról mar stiúrthóir. Tá na daoine óga os cionn na sráide ag cleachtadh do dhráma freisin! 

Saol Faoi Shráid	1	7	Cula4	Ribin & Glibín have never seen snow before. They are amazed. Ribín discovers a snowman in the garden and takes him inside so that he won't be cold. It's a good job that her brother Glibín is around to	Ní fhaca Ribín ná Glibín sneachta riamh. Tagann Ribín ar fhear sneachta sa ghairdín agus tugann sí isteach taobh istigh é. Is maith an rud é go bhfuil deartháir aici le gach rud a chur ina cheart arís.  Tá go leor le foghlaim ag Glibín faoi shneachta óna chairde os cionn sráide. 

Saol Faoi Shráid	1	6	Cula4	Who is throwing rubbish everywhere? Glibín is not one bit happy. It’s a good job that the Superhero ‘Croí Mór’ comes for a visit and figures out who the culprits are. 
	Cé atá ag caitheamh bruscair ar fud na háite? Níl Glibín sásta faoi seo ar chor ar bith. Is maith an rud é go bhfuil an sárlaoch ‘Croí Mór’ ann chun gach rud a chur ina cheart.  Idir an dá linn, casann Ribín le cairde os cionn sráide atá ag déanamh róbait as bruscar.
Saol Faoi Shráid	1	5	Cula4	The re-telling of the story of Labhraidh Loinseach. The King has a secret. His ears are like those of a horse and that’s why he always has to chase away his barbers. 	Athinsint ar scéal Labhraidh Loinseach. Tá rún ag an rí. Tá cluasa capaill air agus sin é an fáth nach ligfidh sé cead d’aon duine a ghruaig a bhearradh. Nuair a fhaigheann Eoin post mar ghruagaire ní bhíonn a mháthair ró-shásta. Insíonn Ribín & Glibín an scéal dá gcairde os cionn sráide.
Saol Faoi Shráid	1	4	Cula4	Ribín and Glibín go on a picnic together. Ribín had an amazing day but poor Glibín had a terrible day. How could this be? Cící gets to the bottom of things! 

	Téann Ribín agus Glibín ar phicnic. Bíonn an-lá ag Ribín ach bíonn fíor-dhrochlá ag Glibín. Cén chaoi ar tharla sé sin? Faigheann Cící amach faoi gach rud a tharla!
Saol Faoi Shráid	1	3	Cula4	The story of The Three Little Pigs as you have never heard it before.   In this story the Big Bad Wolf tells his side of the story and it seems that none of it was his fault at all.. Poor wolf. 
	Sraith puipéadóireachta do ghasúir réamhscoile. Scéal na Trí Mhuc á insint ag an mac tíre dána. 
Saol Faoi Shráid	1	2	Cula4	It’s Halloween and what a night! Poor Ribín can not sleep. Strange noises can be heard from all over the house. 	Oíche Shamhna atá ann agus níl Ribín bhocht in ann codladh ag torann aisteach atá ar fud an tí.
Saol Faoi Shráid	1	1	Cula4	Ribín wants to play music with Rocco but there is a major problem. Ribín’s music is awful. 	Ba mhaith le Ribín dul ag ceol in éineacht le Rocco ach níl aon cheol aici. 
Saol Faoi Shráid	1	13	Cula4	Ribín & Glibín discover a beanstalk. Their curiosity gets the better of them and they climb to the top. They get their heart’s desire but not in the way they had imagined. 
	Tagann Ribín agus Glibín ar ghas pónaire. Ar ndóigh caithfidh siad é a dhreapadh go bhfeicfidh siad céard atá ag a bharr. Faigheann siad mian a gcroíthe ach ní mar a shíltear a bítear.

Dochreidte Gan Dabht	3	4	Cula4	This is Officially Amazing! Today we will see some extraordinary official world record attempts from around the world including real life cowboy Will Roberts. Will is attempting records involving guns	Seo é Dochreidte Gan Dabht, an clár ar a mbeidh na curiarrachtaí is aistí, is iontaí agus is dochreidte dá bhfaca tú riamh - an buachaill bó, Will Roberts ina measc a bheidh ag tabhairt faoi churiarrachtaí le gunnaí agus rópaí. Á chur i láthair ag Eoghan Ó Loideáin.
Gearóid na Gaisce	1	26	Cula4	Talon plants a freezing device on the Gadget-bus.	Cuireann Dealg gaireas reoite i mbus Gaisce.
Gearóid na Gaisce	1	25	Cula4	The gang time travels to turn Dr. Claw before evil can take hold.	Téann an gheaing siar san am ag féachaint le duine deas a dhéanamh den Dochtúir Damanta.
Gearóid na Gaisce	1	24	Cula4	Gadget's team competes on a Japanese game show hosted by MADcat.	Glacann Gaisce páirt i dtráth na gceist Seapánach á chur i láthair ag an gcat damanta.
Gearóid na Gaisce	1	23	Cula4	MAD uses a device to switch Brain and MADcat's bodies.	Úsáideann Dealg uirlis thástála le colainn Ghlic agus an cat damanta a bhabhtáil.
Gearóid na Gaisce	1	22	Cula4	Dr. Claw sends MADtana Dan to trigger a volcanic eruption in Hawaii.	Féachann an Dochtúir Damanta le bolcán a phléascadh i Haváí.
Gearóid na Gaisce	1	21	Cula4	Dr. Claw creates a device to turn off all the world's electronic gadgets.	Cruthaíonn an Dochtúir Damanta gaireas a chasann as gach gléas leictreonach ar domhan.
Gearóid na Gaisce	1	20	Cula4	In order to break into HQ, MAD creates an evil clone of Penny.	Déanann Dealg clón d'Aisling le briseadh isteach sa gCeanncheathrú.
Gearóid na Gaisce	1	19	Cula4	Dr. Claw steals the largest penny in the world.	Goideann Dealg an bonn is mó ar domhan.
Gearóid na Gaisce	1	18	Cula4	Brain gets a dose of MAD's new serum and turns into a werewolf.	Iompaíonn Glic isteach ina mhac tíre.
Gearóid na Gaisce	1	17	Cula4	Inspector Gadget is invited to deliver a speech at Villain University.	Tá lá oscailte sheanollscoil an Dochtúra Damanta ar siúl agus iarrtar ar Ghaisce óráid a thabhairt.
Dinosaur Train	2	26	Cula4	The Pteranodon family join Gilbert on the Dinosaur Train Submarine and they pay Shoshana Shonisaurus a visit.	Rachaidh muintir Pteranodon ar cuairt chuig Shoshana Shonisaurus in éineacht le Gilbert ar fhomhuireán Thraein na nDineasár. 
Dinosaur Train	2	25	Cula4	The Dinosaur Train Submarine go on a special trip to the bottom of the sea to visit Otto Opthalmosaurus.	Téann Fomhuireán Thraein na nDineasár ar thuras speisialta go bun na farraige chun cuairt a thabhairt ar Otto Opthalmosaurus.
Dinosaur Train	2	32	Cula4	The Dinosaur Train has all 26 dinosaurs mentioned in the `Dinosaurs A to Z' song on board. 	Tá Traein na nDineasár plódaithe ag 26 dineasár éagsúla a bheidh san amhrán "Aibítir na nDineasár”.  Tosaíonn Tiny ar an amhrán i mBaile Troodon agus glacann na dineasáir eile ar fad páirt ann.
Dinosaur Train	2	31	Cula4	The Pteranodon kids learn about classification, and Don leads the way organizing the dinosaurs on the train by their species, features, and size.	Foghlaimíonn na páistí faoi rangú agus tosaíonn Don ag eagrú na nDineasár ar an traein de réir a gcineál, a dtréithe agus a méide.
Dinosaur Train	2	30	Cula4	The Dinosaur Train continues travelling around the Mesozoic picking up more and more dinosaurs that are in the `Dinosaurs A to Z' song, on the way to a picnic at Troodon Town. 	An t-amhrán "Aibítir na nDineasár" a bheidh againn inniu.
Dinosaur Train	2	29	Cula4	Tiny gets the idea to gather all the dinosaurs in the 'Dinosaurs A to Z' song for a picnic at Troodon Town.  The Conductor agrees, and the Train starts picking up dinosaurs. 	Tá Tiny ag iarraidh na dineasáir ar fad atá in 'Aibítir na nDineasár' a bhailiú le chéile do phicnic i mbaile Troodon.  
Dinosaur Train	2	28	Cula4	Buddy expresses his feelings about being adopted to Tiny and Mrs. Pteranodon.	Insíonn Buddy do Tiny agus do Bhean Pteranodon faoin gcaoi a n-airíonn sé faoi gur uchtaithe atá sé. 

Dinosaur Train	2	22	Cula4	The Pteranodon family join the Lambeosaurus family at the big pond where they celebrate the Autumn moon celebration by decorating pumpkins.	Téann Muintir Pteranodon in éineacht le Muintir Lambeosaurus chuig an Linn Mhór chun Gealach an Fhómhair a cheiliúradh.
Dinosaur Train	2	21	Cula4	The kids take the Dinosaur Train all the way to the roundhouse which the troodons have decorated into a haunted house.	Tugann Traein na nDineasár na páistí chuig an teach cruinn a bhfuil teach taibhsí déanta de.
Dinosaur Train	2	20	Cula4	Two tourists named Tommy and Adam come from across the sea arriving at the Big Pond on a raft.	Rachaidh Tommy agus Adam ar thuras trasna na farraige chuig an Linn Mhór ar rafta.
Cat a' Hata	1	44	Cula4	Sally and Nick are going on an adventure but how are they going to get there?	Tá Sailí agus Nic ag dul ar eachtra, ach cén chaoi a rachaidh siad ann?
Cat a' Hata	1	43	Cula4	Nick has spotted a tiny ladybug but Sally has found an even smaller ant!	Tagann Nic ar bhóín Dé beag ach ansin feiceann Sailí seangán atá níos lú arís.
Cat a' Hata	1	46	Cula4	Nick and Sally are pretending to be lost adventurers when Sally wonders what to do if you really do get lost.	Tá Sailí agus Nic ag ligean orthu féin go bhfuil siad imithe amú. Ach cén chaoi a mbeadh sé i ndáiríre, dá ngabhfadh siad amú?
Cat a' Hata	1	47	Cula4	Sally is trying to grow a flower for her mom, but it just won't grow.	Tá Sailí ag iarraidh go bhfásfaidh an bláth a chuir sí dá máthair ach níl sé ag fás ar chor ar bith.
WAC	1	50	Cula4	In a land far, far away there is an animal kingdom, but who is the king? The WAC teams climb ladders, walk on all fours and eat some burgers to find which Jungle creature deserves the royal crown.	Rachaidh Tomaí, Éadaoin agus Caoimhe sa tóir ar rí na dufaire.
WAC	1	49	Cula4	The contenders are shining their amour and sharpening their skills all in preparation for the ultimate battle but only one can take out the title - Ultimate Warrior! 	Rachaidh Tomaí, Éadaoin agus Caoimhe sa tóir ar an laoch is mó i measc na n-ainmhithe.
WAC	1	48	Cula4	Which cold-blooded creature will ace WAC's trial and earn the title - Ultimate Reptile?	Rachaidh Tomaí, Éadaoin agus Caoimhe sa tóir ar an Reiptíl is fearr ar domhan. 
WAC	1	47	Cula4	Tomaí, Éadaoin and Caoimhe tred through the world to find the most terrific tantrum-throwing animal, the Biggest Brat! 	Rachaidh Tomaí, Éadaoin agus Caoimhe sa tóir ar na hainmhithe is dána ar domhan. 
WAC	1	46	Cula4	Tomaí, Éadaoin and Caoimhe's senses are tingling. X-ray vision, heightened hearing, powerful navigation! The team set sight to sniff out the critter with the best Super Sense. 
	Rachaidh Tomaí, Éadaoin agus Caoimhe sa tóir ar na hainmhithe leis na céadfaí is fearr ar domhan.
WAC	1	45	Cula4	Tomaí, Éadaoin and Caoimhe set off on a leisurely pace to find the Chill Out Champ of the animal world.	Rachaidh Tomaí, Éadaoin agus Caoimhe sa tóir ar na hainmhithe is réchúisí ar domhan.
WAC	1	44	Cula4	Today's contenders slither, rattle and hiss their way through the WAC's criteria in a hope to secure the prize. 	Rachaidh Tomaí, Éadaoin agus Caoimhe sa tóir ar na nathracha nimhe is fearr ar domhan.
WAC	1	43	Cula4	Now you see me, now you don't! Which animal will win this week's challenge and which one won't! Tomaí, Éadaoin and Caoimhe look for the animal hardest to find, the Master of Disguise.	Rachaidh Tomaí, Éadaoin agus Caoimhe sa tóir ar na hainmhithe is fearr atá in ann iad féin a chur ó aithne.
Cat a' Hata	1	14	Cula4	Nick and Sally are playing hide-and-seek but Sally keeps getting found.	Tá Nic agus Sailí ag imirt folach bíog ach níl Sailí go maith ag dul i bhfolach. 
Cat a' Hata	1	13	Cula4	Sally and Nick are playing up in their tree house when Nick's mom calls them in for lunch. 	Bíonn Sailí agus Nic ag spraoi thuas sa teachín crainn nuair a ghlaonn máthair Nick orthu don lón.
Garfield	4	4	Cula4	Abigail, Winona, Garfield and Odie go on a strange journey to find three magic trinkets that Varicella wants. If she manages to get them she will be extremely powerful. 	Téann Abigail, Winona, Garfield agus Odie sa tóir ar thrí ní draíochta atá á lorg ag Varicella. Má fhaigheann sí greim orthu, beidh sí thar a bheith cumhachtach.
Garfield	4	5	Cula4	Varicella manages to get her hands on all the magic trinkets, and is about to turn everyone into a frog, when Abigail remembers something important about the most powerful magic of all.	Aimsíonn Varicella na trí ní draíochta agus bíonn sí ar tí frog a dhéanamh de gach duine nuair a chuimhníonn Abigail ar rud éigin.
Garfield	4	7	Cula4	Doctor Whipple and his men are doing their best to get rid of Jon, Odie and Garfield as Sheriff and deputies, but Garfield is having his own troubles in the local restaurant.	Féachann an Dochtúir Whipple agus a chuid fear le fáil réidh le Jon, Odie agus Garfield mar Shirriamaí agus Teachtaí, ach tá a chuid trioblóidí féin ag Garfield sa bhialann áitiúil.
Garfield	4	6	Cula4	Jon is chosen as the new Sheriff but Doc. Whipple wants to ensure he won't be there long, so he can get his hands on the map to the Glitter Gulch.	Is é Jon an sirriam nua ach ní bheidh an post sin i bhfad aige má tá aon neart ag an Dochtúir Whipple air. 
Olivia	1	3	Cula4	When Olivia's class holds a pet talent show, nobody can beat Francine's amazingly talented cat Gwendolyn.	Tá seó tallainne do pheataí ar siúl i rang Olivia ach níl aon pheata ann mar peata Fraincín. 
Olivia	1	4	Cula4	Olivia's lemonade stand is losing customers to Francine's pink lemonade stand. 	Níl ag éirí rómhaith le seastán líomanáide Olivia. 
Garfield	4	8	Cula4	Garfield wins against Bruno in an eating competition, but his troubles don't end there.	Buann Garfield comórtas ithe in aghaidh Bruno. Ach tá níos mó trioblóide amach roimhe.
Garfield	4	15	Cula4	Garfield and Odie are alone, and they have to find a way of keeping the secrets of the Lasagne Tree from Mama Meaney. 	Tá Garfield agus Odie leo féin, agus caithfidh siad rún an Chrainn Lasáinne a choinneáil ó Mhama Meaney.
Olivia	1	12	Cula4	Tired of having to share with her brother Ian, Olivia sets out on a trip around the block in search of a place free from little brothers.	Ní thaitníonn sé le Olivia go gcaithfidh sí a seomra a roinnt lena deartháir Cian.  Téann sí sa tóir ar áit nach bhfuil deartháireacha ar bith ann.  
Olivia	1	11	Cula4	While Olivia and her brothers play fortune teller, baby William accidentally breaks Dad's new bowling trophy.	Ligeann Olivia agus a cuid deartháireacha orthu féin go bhfuil fios acu. Briseann Liam trófaí babhlála Dhaidí trí thimpiste.
Garfield	4	14	Cula4	They eventually find the Lasagne Tree and it is the best lasagne Garfield has ever tasted, but Mama Meaney's men aren't far behind them.	Aimsíonn siad an Crann Lasáinne ar deireadh, agus tá an lasáinne ar an gceann is fearr ar bhlais Garfield de riamh. Ach tá fir Mama Meaney ag teacht suas leo.
Olivia	1	10	Cula4	Olivia is determined to dance just like the ballerinas she's seen in a ballet; the only thing she needs is a partner.	Tá Olivia ag iarraidh a bheith ina damhsóir bailé. Níl uaithi anois ach páirtí.
Cat a' Hata	1	41	Cula4	Nick and Sally can't find their sled that's buried under the snow. Cat's friend Magnus the reindeer is great at finding things in the snow.	Tá an sleamhnán caillte ag Nic agus Sailí sa sneachta. Iarrann siad cúnamh ar Mhagnus, mar go bhfuil sé iontach ag aimsiú rudaí.
Cat a' Hata	1	42	Cula4	Nick and Sally are playing soccer when their ball goes through a hole in their net. 	Nuair a bhíonn Nic agus Sailí ag imirt sacair, téann an liathróid tríd poll san eangach.
Gearóid na Gaisce	1	22	Cula4	Dr. Claw sends MADtana Dan to trigger a volcanic eruption in Hawaii.	Féachann an Dochtúir Damanta le bolcán a phléascadh i Haváí.
WAC	1	46	Cula4	Tomaí, Éadaoin and Caoimhe's senses are tingling. X-ray vision, heightened hearing, powerful navigation! The team set sight to sniff out the critter with the best Super Sense. 
	Rachaidh Tomaí, Éadaoin agus Caoimhe sa tóir ar na hainmhithe leis na céadfaí is fearr ar domhan.
Gearóid na Gaisce	1	21	Cula4	Dr. Claw creates a device to turn off all the world's electronic gadgets.	Cruthaíonn an Dochtúir Damanta gaireas a chasann as gach gléas leictreonach ar domhan.
WAC	1	45	Cula4	Tomaí, Éadaoin and Caoimhe set off on a leisurely pace to find the Chill Out Champ of the animal world.	Rachaidh Tomaí, Éadaoin agus Caoimhe sa tóir ar na hainmhithe is réchúisí ar domhan.
Garfield	4	13	Cula4	Jon, Garfield, Odie and Angelica follow Vito to Italy, but will they be able to find him in Venice? And where is the Lasagne Tree?	Leanann Jon, Garfield, Odie agus Angelica Vito chuig an Iodáil, ach an mbeidh siad in ann theacht ar Vito sa Veinéis? Agus céard faoin gCrann Lasáinne?

Olivia	1	9	Cula4	It's almost Christmas, and Olivia and Ian can't wait for Santa to come. 	Tá an Nollaig ag teannadh linn agus tá Olivia ag súil go mór le Daidí na Nollag.
Garfield	4	12	Cula4	Vito can't believe that a lasagne better than his exists, or that it grows on a tree, so he goes to Italy to find it.	Ní chreideann Vito go bhfuil lasáinne ann atá níos fearr ná a cheann féin, ná go bhfásann sé ar chrann, mar sin téann sé chuig an Iodáil chun é a fháil.
Cat a' Hata	1	28	Cula4	Nick is trying to hang onto the monkey bars but can't.	Níl Nic in ann greim a choinneáil ar na barraí moncaí.
Cat a' Hata	1	27	Cula4	The kids are decorating the tree house for a party. The Cat knows the world's most fantabulous decorator! 	Tá na gasúir ag maisiú an teachín crainn don chóisir. Tá aithne ag an gCat ar an maisitheoir is fearr ar domhan. 
Olivia	1	8	Cula4	When Mrs. Hogenmuller distributes seeds for a class garden project, Olivia just can't wait for her plants to grow.	Tugann an múinteoir síolta don rang agus is fada le Olivia go bhfásfaidh a cuid plandaí. 
Garfield	4	11	Cula4	Mama Meaney will do anything to get rid of every small Italian restaurant, and it's no coincidence that Vito's is suddenly full of rats!	Déanfaidh Mama Meaney rud ar bith chun gach bialann beag Iodálach a dhúnadh... agus ní haon timpiste é go bhfuil Tigh Vito lán le francaigh.
Olivia	1	7	Cula4	After a trip to the planetarium, Ian's knowledge about space and his peculiar behaviour lead Olivia to believe that her brother is an alien. 	Tá an oiread sin eolais ag Cian faoin spás tar éis turas chuig an bpláinéadlann go gceapann Olivia gur coimhthíoch é.
Garfield	4	10	Cula4	Doc Whipple and his men are in charge now that they've ousted Jon, Garfield and Odie. Doc finally has the map of Glitter Gulch, but is there any truth to the rumours that have been around for years?	Tá an Dochtúir Whipple agus a bhuíon i gceannas anois agus tá Jon, Garfield agus Odie curtha as post acu. Tá an mapa den Chumar drithleach ag Doc anois, ach an bhfuil fírinne ar bith leis na ráflaí meas tú?
Olivia	1	6	Cula4	When asked to give a presentation for her class's International Day, Olivia can't decide which country to choose. 	Iarrtar ar Olivia taispeántas a chur le chéile do Lá Idirnáisiúnta na Scoile ach níl a fhios aici cén tír a roghnóidh sí.
Garfield	4	9	Cula4	Arlene is on a runaway stagecoach and Garfield wants to get to her... but will he be able to save her?	Tá Arlena ar chóiste atá imithe ó smacht... An mbeidh Garfield in ann í a thabhairt slán?
Olivia	1	5	Cula4	On the looooong drive to Grandma's house, Olivia finds ways to pass the time.	Tá an t-aistear go dtí teach Mhamó an-fhada go deo. 
Whiz sa Chistin	1	25	Cula4	Whiz sa Chistin is a game show based around food where each week 4 Children test their skills in the kitchen by completing fun food challenges and answering questions. In today's show Calum and Alex c	Seó cluichí é Whiz sa Chistin atá bunaithe ar bhia. Beidh ceathrar leanaí sa chistin ar gach clár agus beidh a fhios againn cé chomh maith is atá said sa chistin nuair a chaithfidh siad tabhairt faoi dhúshlán bia agus ceisteanna go leor a fhreagairt. Ar chlár an lae inniu tabharfaidh Calum agus Alex aghaidh ar Kira agus ar Pháidí.
Garfield	4	29	Cula4	Garfield is unable to fall asleep because he drank too much coffee.	Níl Garfield in ann titim ina chodladh mar gheall gur ól sé an iomarca caife.
Cat a' Hata	1	2	Cula4	The purple martin swallow that lives in Sally's backyard has gone missing! 	Tá an gabhlán corcra a bhí i ngairdín Sailí imithe amú.
Cat a' Hata	1	1	Cula4	Sally and Nick have run out of honey! Luckily the Cat knows just where to go get more.	Níl aon mhil fanta ag Sailí agus Nic. Ar an dea-uair tá a fhios ag an gCat cá bhfaighidh sé tuilleadh di!
