Bia Linn	1	20	Cula4	Cookery series for pre-schoolers, presented by Muireann and Cócó an Cócaire. Join us in the magic kitchen to find out who is helping Muireann today. Cócó has a special recipe today for breakfast!
	Sraith spleodrach cócaireachta do pháistí óga.  Bí linn sa chistin go bhfeicfidh tú cé a bheidh ag cuidiú le Muireann.  Beidh oideas speisialta ag Cócó inniu don bhricfeasta!
CúlaClab	1	26	Cula4	'Cúlaclab' is a weekly feature in which young people are asked on their thoughts on various themes.	 Cén séasúr is fearr leat?

CúlaClab	1	38	Cula4	'Cúlaclab' is a weekly feature in which young people are asked on their thoughts on various themes.	Cad é an barrán píotsa is fearr leat ?

CúlaClab	1	37	Cula4	'Cúlaclab' is a weekly feature in which young people are asked on their thoughts on various themes.	Cén Spórt is fearr leat ?

CúlaClab	1	36	Cula4	'Cúlaclab' is a weekly feature in which young people are asked on their thoughts on various themes.	Cad é an glasra is fearr leat ?

CúlaClab	1	35	Cula4	'Cúlaclab' is a weekly feature in which young people are asked on their thoughts on various themes.	Cén bia is fuath leat ?

CúlaClab	1	34	Cula4	'Cúlaclab' is a weekly feature in which young people are asked on their thoughts on various themes.	Dá mbeifeá cáiliúil ....... Buíochas le:   Scoil Naomh Fionan, Co. Dhún na nGall Gaelscoil Adhamháin, Co. Dhún na nGall Scoil Éinne, Co. na Gaillimhe 

CúlaClab	1	33	Cula4	'Cúlaclab' is a weekly feature in which young people are asked on their thoughts on various themes.	Cad a chuireann áthas ort ? Buíochas le:   Scoil Naomh Fionan, Co. Dhún na nGall Gaelscoil Adhamháin, Co. Dhún na nGall Scoil Éinne, Co. na Gaillimhe 

CúlaClab	1	32	Cula4	'Cúlaclab' is a weekly feature in which young people are asked on their thoughts on various themes.	Cén áit is fearr leat ar domhan ? Buíochas le:   Scoil Naomh Fionan, Co. Dhún na nGall Gaelscoil Adhamháin, Co. Dhún na nGall Scoil Éinne, Co. na Gaillimhe 

CúlaClab	1	31	Cula4	'Cúlaclab' is a weekly feature in which young people are asked on their thoughts on various themes.	Cad é an rud is deacra faoi bheith i do pháiste? Buíochas le:   Scoil Naomh Fionan, Co. Dhún na nGall Gaelscoil Adhamháin, Co. Dhún na nGall Scoil Éinne, Co. na Gaillimhe 
CúlaClab	1	29	Cula4	'Cúlaclab' is a weekly feature in which young people are asked on their thoughts on various themes.	Cén uair a bhíonn d'óige thart?

CúlaClab	1	19	Cula4	'Cúlaclab' is a weekly feature in which young people are asked on their thoughts on various themes.	An rud is deise faoi do Mháthair
CúlaClab	1	25	Cula4	'Cúlaclab' is a weekly feature in which young people are asked on their thoughts on various themes.	An focal Gaeilge is fearr leat
CúlaClab	1	23	Cula4	'Cúlaclab' is a weekly feature in which young people are asked on their thoughts on various themes.	 
CúlaClab	1	20	Cula4	'Cúlaclab' is a weekly feature in which young people are asked on their thoughts on various themes.	Cén tsaoire is fearr a bhí agat?
CúlaClab	1	24	Cula4	'Cúlaclab' is a weekly feature in which young people are asked on their thoughts on various themes.	Cad a bhaineann gáire asat?
CúlaClab	1	24	Cula4	'Cúlaclab' is a weekly feature in which young people are asked on their thoughts on various themes.	Cad a bhaineann gáire asat?
CúlaClab	1	17	Cula4	'Cúlaclab' is a weekly feature in which young people are asked on their thoughts on various themes.	Dá mbeadh €100 agat...
Bia Linn	1	16	Cula4	Cookery series for pre-schoolers, presented by Muireann and Cócó an Cócaire. Join us in the magic kitchen to find out who is helping Muireann today. Cócó has a special recipe - fish fingers!
	Sraith spleodrach cócaireachta do pháistí óga, á chur i láthair ag Muireann agus ag Cócó an Cócaire. Bí linn sa chistin go bhfeicfidh tú cé a bheidh ag cuidiú le Muireann. Beidh oideas speisialta ag Cócó inniu - méara éisc!
Bia Linn	1	23	Cula4	Cookery series for pre-schoolers, presented by Muireann and Cócó an Cócaire. Join us in the magic kitchen to find out who is helping Muireann today. Cócó has a special recipe - soup. 	Sraith spleodrach cócaireachta do pháistí óga. Bí linn sa chistin go bhfeicfidh tú cé a bheidh ag cuidiú le Muireann. Beidh oideas speisialta ag Cócó inniu - anraith!


Bia Linn	1	18	Cula4	Cookery series for pre-schoolers, presented by Muireann and Cócó an Cócaire. Join us in the magic kitchen to find out who is helping Muireann today. Cócó has a special recipe - Bean Hotpot.
	Sraith spleodrach cócaireachta do pháistí óga.  Bí linn sa chistin go bhfeicfidh tú cé a bheidh ag cuidiú le Muireann.  Beidh oideas speisialta ag Cócó inniu  - pota pónairí!
Bia Linn	1	17	Cula4	Cookery series for pre-schoolers, presented by Muireann and Cócó an Cócaire. Join us in the magic kitchen to find out who is helping Muireann today. - Cócó has a special recipe - gingerbread men!
	Sraith spleodrach cócaireachta do pháistí óga.  Bí linn sa chistin go bhfeicfidh tú cé a bheidh ag cuidiú le Muireann.  Beidh oideas speisialta ag Cócó inniu - fir shinséir!


Bia Linn	1	22	Cula4	Cookery series for pre-schoolers, presented by Muireann and Cócó an Cócaire. Join us in the magic kitchen to find out who is helping Muireann today. Cócó has a special recipe - latkes!
	Sraith spleodrach cócaireachta do pháistí óga.  Bí linn sa chistin go bhfeicfidh tú cé a bheidh ag cuidiú le Muireann.  Beidh oideas speisialta ag Cócó inniu - latke!
Bia Linn	1	20	Cula4	Cookery series for pre-schoolers, presented by Muireann and Cócó an Cócaire. Join us in the magic kitchen to find out who is helping Muireann today. Cócó has a special recipe today for breakfast!
	Sraith spleodrach cócaireachta do pháistí óga.  Bí linn sa chistin go bhfeicfidh tú cé a bheidh ag cuidiú le Muireann.  Beidh oideas speisialta ag Cócó inniu don bhricfeasta!
CúlaClab	1	19	Cula4	'Cúlaclab' is a weekly feature in which young people are asked on their thoughts on various themes.	An rud is deise faoi do Mháthair
CúlaClab	1	25	Cula4	'Cúlaclab' is a weekly feature in which young people are asked on their thoughts on various themes.	An focal Gaeilge is fearr leat
CúlaClab	1	23	Cula4	'Cúlaclab' is a weekly feature in which young people are asked on their thoughts on various themes.	 
Bia Linn	1	21	Cula4	Cookery series for pre-schoolers, presented by Muireann and Cócó an Cócaire. Join us in the magic kitchen to find out who is helping Muireann today. Cócó has a special recipe - Wontons. 
	Sraith spleodrach cócaireachta do pháistí óga.  Bí linn sa chistin go bhfeicfidh tú cé a bheidh ag cuidiú le Muireann.  Beidh oideas speisialta ag Cócó inniu - wonton!
Bia Linn	1	24	Cula4	Cookery series for pre-schoolers, presented by Muireann and Cócó an Cócaire. Join us in the magic kitchen to find out who is helping Muireann today. Cócó has a special recipe - Burgers. 	Sraith spleodrach cócaireachta do pháistí óga.  Bí linn sa chistin go bhfeicfidh tú cé a bheidh ag cuidiú le Muireann.  Beidh oideas speisialta ag Cócó inniu - burgair!
CúlaClab	1	21	Cula4	'Cúlaclab' is a weekly feature in which young people are asked on their thoughts on various themes.	Céard é grá
CúlaClab	1	27	Cula4	'Cúlaclab' is a weekly feature in which young people are asked on their thoughts on various themes.	Rud is fearr faoi do Mhúinteoir
Cluichí Cúla 4	1	9	Cula4	In this video you will see Maillí giving tips on how to get different pets.	Sa bhfíseán seo feicfidh sibh Maillí ag tabhairt amach a cuid leideanna le peataí éagsúla a fháil.
CúlaClab	1	28	Cula4	'Cúlaclab' is a weekly feature in which young people are asked on their thoughts on various themes.	Ainmhí
CúlaClab	1	23	Cula4	'Cúlaclab' is a weekly feature in which young people are asked on their thoughts on various themes.	 
CúlaClab	1	27	Cula4	'Cúlaclab' is a weekly feature in which young people are asked on their thoughts on various themes.	Rud is fearr faoi do Mhúinteoir
Cluichí Cúla 4	1	15	Cula4	Mailí is back this week with her thoughts on the brand new LEGO Worlds game.	Tá Mailí arais linn an tseachtain seo agus í ag caitheamh súil ar an gcluiche úr nua LEGO Worlds.
CúlaClab	1	25	Cula4	'Cúlaclab' is a weekly feature in which young people are asked on their thoughts on various themes.	An focal Gaeilge is fearr leat
Cluichí Cúla 4	1	12	Cula4	In this video Mailí will give you a tour of her school which she built herself!
	Sa bhfíseán seo tabharfaidh Maillí sibh ar thuras tríd a scoil a thóg sí féin!

CúlaClab	1	19	Cula4	'Cúlaclab' is a weekly feature in which young people are asked on their thoughts on various themes.	An rud is deise faoi do Mháthair
CúlaClab	1	19	Cula4	'Cúlaclab' is a weekly feature in which young people are asked on their thoughts on various themes.	An rud is deise faoi do Mháthair
Cluichí Cúla 4	1	12	Cula4	In this video Mailí will give you a tour of her school which she built herself!
	Sa bhfíseán seo tabharfaidh Maillí sibh ar thuras tríd a scoil a thóg sí féin!

CúlaClab	1	29	Cula4	'Cúlaclab' is a weekly feature in which young people are asked on their thoughts on various themes.	Cén uair a bhíonn d'óige thart?

Cluichí Cúla 4	1	13	Cula4	In this video Mailí will give tips on how to build a secret room under water.	Sa bhfíseán seo tabharfaidh Mailí leideanna daoibh le seomra rúnda a thógáil faoin uisce.
Bia Linn 2	2	1	Cula4	Joining Muireann in the kitchen today are Muireann, Sorcha, Tadhg and Niamh as they cook up a really yummy treat with Apples! Coco travels to Armagh to find out where apples come from! 
	Sraith spleodrach cócaireachta do pháistí óga. Bí linn sa chistin go bhfeicfidh tú cé a bheidh ag cuidiú le Muireann. Ag cócaireacht úll a bheidh Muireann inniu. 
Cluichí Cúla 4	1	16	Cula4	In this video Mailí will show you how to build the Cúla4 logo.	Sa bhfíseán seo taispeánfaidh Mailí duit conas logo Cúla4 a thógáil. 
CúlaClab	1	32	Cula4	'Cúlaclab' is a weekly feature in which young people are asked on their thoughts on various themes.	Cén áit is fearr leat ar domhan ? Buíochas le:   Scoil Naomh Fionan, Co. Dhún na nGall Gaelscoil Adhamháin, Co. Dhún na nGall Scoil Éinne, Co. na Gaillimhe 

CúlaClab	1	31	Cula4	'Cúlaclab' is a weekly feature in which young people are asked on their thoughts on various themes.	Cad é an rud is deacra faoi bheith i do pháiste? Buíochas le:   Scoil Naomh Fionan, Co. Dhún na nGall Gaelscoil Adhamháin, Co. Dhún na nGall Scoil Éinne, Co. na Gaillimhe 
Cluichí Cúla 4	1	14	Cula4	In this video Maillí has all the tips to build your very own Herobrine statue.	Sa bhfíseán seo tá na leideanna ar fad ag Maillí duit le dealbh Herobrine a thógáil.
Léirmheas na n-óg	1	2	Cula4	 	 
Léirmheas na n-óg	1	4	Cula4	 	 
Léirmheas na n-óg	1	1	Cula4	 	 
Léirmheas na n-óg	1	3	Cula4	 	 
CúlaClab	1	31	Cula4	'Cúlaclab' is a weekly feature in which young people are asked on their thoughts on various themes.	Cad é an rud is deacra faoi bheith i do pháiste? Buíochas le:   Scoil Naomh Fionan, Co. Dhún na nGall Gaelscoil Adhamháin, Co. Dhún na nGall Scoil Éinne, Co. na Gaillimhe 
Cluichí Cúla 4	1	16	Cula4	In this video Mailí will show you how to build the Cúla4 logo.	Sa bhfíseán seo taispeánfaidh Mailí duit conas logo Cúla4 a thógáil. 
CúlaClab	1	32	Cula4	'Cúlaclab' is a weekly feature in which young people are asked on their thoughts on various themes.	Cén áit is fearr leat ar domhan ? Buíochas le:   Scoil Naomh Fionan, Co. Dhún na nGall Gaelscoil Adhamháin, Co. Dhún na nGall Scoil Éinne, Co. na Gaillimhe 

CúlaClab	1	26	Cula4	'Cúlaclab' is a weekly feature in which young people are asked on their thoughts on various themes.	 Cén séasúr is fearr leat?

CúlaClab	1	22	Cula4	'Cúlaclab' is a weekly feature in which young people are asked on their thoughts on various themes.	Cad é An Caitheamh Aimsire is fearr leat?
CúlaClab	1	24	Cula4	'Cúlaclab' is a weekly feature in which young people are asked on their thoughts on various themes.	Cad a bhaineann gáire asat?
CúlaClab	1	33	Cula4	'Cúlaclab' is a weekly feature in which young people are asked on their thoughts on various themes.	Cad a chuireann áthas ort ? Buíochas le:   Scoil Naomh Fionan, Co. Dhún na nGall Gaelscoil Adhamháin, Co. Dhún na nGall Scoil Éinne, Co. na Gaillimhe 

Cluichí Cúla 4	1	17	Cula4	In this video Maillí will give tips on how to build a Piston House.
	Sa bhfíseán seo tabharfaidh Maillí leideanna daoibh le teach piston a thógáil.


CúlaClab	1	34	Cula4	'Cúlaclab' is a weekly feature in which young people are asked on their thoughts on various themes.	Dá mbeifeá cáiliúil ....... Buíochas le:   Scoil Naomh Fionan, Co. Dhún na nGall Gaelscoil Adhamháin, Co. Dhún na nGall Scoil Éinne, Co. na Gaillimhe 

Cluichí Cúla 4	1	19	Cula4	Mailí is back this week taking on Scott Jones in a Spongebob Build Off!
	Tá Mailí arais linn an tseachtain seo agus í i ngéariomaíocht le Scott Jones is iad ag tabhairt faoi Build Off Spongebob!


Cluichí Cúla 4	1	18	Cula4	In this video Mailí will give tips on how to build a football pitch.
	Sa bhfíseán seo tabharfaidh Mailí leideanna daoibh le páirc peil a thógáil.


Cluichí Cúla 4	1	20	Cula4	In this video Maillí will give you a tour of her school classrooms which she built herself!
	 
CúlaClab	1	35	Cula4	'Cúlaclab' is a weekly feature in which young people are asked on their thoughts on various themes.	Cén bia is fuath leat ?

CúlaClab	1	36	Cula4	'Cúlaclab' is a weekly feature in which young people are asked on their thoughts on various themes.	Cad é an glasra is fearr leat ?

Cluichí Cúla 4	1	21	Cula4	In this video Maillí will give tips on how to build another room at school.	Sa bhfíseán seo tabharfaidh Maillí leideanna daoibh le seomra eile a thógáil sa scoil.


Cluichí Cúla 4	1	26	Cula4	 	 
CúlaClab	1	37	Cula4	'Cúlaclab' is a weekly feature in which young people are asked on their thoughts on various themes.	Cén Spórt is fearr leat ?

Cluichí Cúla 4	1	34	Cula4	Weekly gaming videos with Mailí de Cléir.	Mír nua gach seachtain le Mailí de Cléir.
Cluichí Cúla 4	1	33	Cula4	Weekly gaming videos with Mailí de Cléir.	Mír nua gach seachtain le Mailí de Cléir.
Cluichí Cúla 4	1	32	Cula4	Weekly gaming videos with Mailí de Cléir.	Foghlaim conas Banner a mhaisiú le Mailí!
Cluichí Cúla 4	1	31	Cula4	Weekly gaming videos with Mailí de Cléir.	Sa bhfíseán seo taispeánfaidh Mailí duit conas Banner a thógáil. 
Cluichí Cúla 4	1	30	Cula4	This week Mailí shows us how to build the Creeper mask.	Sa bhfíseán seo tabharfaidh Maillí leideanna daoibh faoi conas an Cloigeann Creeper a thógáil !
Cluichí Cúla 4	1	29	Cula4	Mailí is back after her holidays!! Comment on what you would like her to tackle each week in her Minecraft videos.	Tá mé ar ais le sraith nua Minecraft. Déan teagmháil liom & inis dom céard ba mhaith leat a fheiceáil gach seachtain!!
CúlaClab	1	38	Cula4	'Cúlaclab' is a weekly feature in which young people are asked on their thoughts on various themes.	Cad é an barrán píotsa is fearr leat ?

Cluichí Cúla 4	1	28	Cula4	Mailí is back again this week taking on Scott Jones in the Glide mini game on Minecraft.	Tá Mailí arais linn an tseachtain seo agus í i ngéariomaíocht le Scott Jones is iad ag tabhairt faoin mionchluiche Glide ar Minecraft. 
Cluichí Cúla 4	1	27	Cula4	Eoin, or Demolition Football as he is better known as, is back with us this week taking on the Starter Cup.
	Tá Eoin, nó Demolition Football mar is fearr aithne air, arais linn le físeán eile agus é ag tabhairt faoin Starter Cup.

CúlaClab	1	38	Cula4	'Cúlaclab' is a weekly feature in which young people are asked on their thoughts on various themes.	Cad é an barrán píotsa is fearr leat ?

Cluichí Cúla 4	1	28	Cula4	Mailí is back again this week taking on Scott Jones in the Glide mini game on Minecraft.	Tá Mailí arais linn an tseachtain seo agus í i ngéariomaíocht le Scott Jones is iad ag tabhairt faoin mionchluiche Glide ar Minecraft. 
Cluichí Cúla 4	1	27	Cula4	Eoin, or Demolition Football as he is better known as, is back with us this week taking on the Starter Cup.
	Tá Eoin, nó Demolition Football mar is fearr aithne air, arais linn le físeán eile agus é ag tabhairt faoin Starter Cup.

Cluichí Cúla 4	1	39	Cula4	Weekly gaming videos with Mailí de Cléir.	Mír nua gach seachtain le Mailí de Cléir.
Cluichí Cúla 4	1	38	Cula4	Weekly gaming videos with Mailí de Cléir.	Mír nua gach seachtain le Mailí de Cléir.
Cluichí Cúla 4	1	37	Cula4	Weekly gaming videos with Mailí de Cléir.	Mír nua gach seachtain le Mailí de Cléir.
Cluichí Cúla 4	1	36	Cula4	Weekly gaming videos with Mailí de Cléir.	Mír nua gach seachtain le Mailí de Cléir.
Cluichí Cúla 4	1	35	Cula4	Weekly gaming videos with Mailí de Cléir.	Mír nua gach seachtain le Mailí de Cléir.
Cluichí Cúla 4	1	34	Cula4	Weekly gaming videos with Mailí de Cléir.	Mír nua gach seachtain le Mailí de Cléir.
Cluichí Cúla 4	1	33	Cula4	Weekly gaming videos with Mailí de Cléir.	Mír nua gach seachtain le Mailí de Cléir.
Cluichí Cúla 4	1	32	Cula4	Weekly gaming videos with Mailí de Cléir.	Foghlaim conas Banner a mhaisiú le Mailí!
Cluichí Cúla 4	1	31	Cula4	Weekly gaming videos with Mailí de Cléir.	Sa bhfíseán seo taispeánfaidh Mailí duit conas Banner a thógáil. 
Cluichí Cúla 4	1	30	Cula4	This week Mailí shows us how to build the Creeper mask.	Sa bhfíseán seo tabharfaidh Maillí leideanna daoibh faoi conas an Cloigeann Creeper a thógáil !
Cluichí Cúla 4	1	29	Cula4	Mailí is back after her holidays!! Comment on what you would like her to tackle each week in her Minecraft videos.	Tá mé ar ais le sraith nua Minecraft. Déan teagmháil liom & inis dom céard ba mhaith leat a fheiceáil gach seachtain!!
Cluichí Cúla 4	1	28	Cula4	Mailí is back again this week taking on Scott Jones in the Glide mini game on Minecraft.	Tá Mailí arais linn an tseachtain seo agus í i ngéariomaíocht le Scott Jones is iad ag tabhairt faoin mionchluiche Glide ar Minecraft. 
Bia Linn 2	2	1	Cula4	Joining Muireann in the kitchen today are Muireann, Sorcha, Tadhg and Niamh as they cook up a really yummy treat with Apples! Coco travels to Armagh to find out where apples come from! 
	Sraith spleodrach cócaireachta do pháistí óga. Bí linn sa chistin go bhfeicfidh tú cé a bheidh ag cuidiú le Muireann. Ag cócaireacht úll a bheidh Muireann inniu. 
Bia Linn	1	21	Cula4	Cookery series for pre-schoolers, presented by Muireann and Cócó an Cócaire. Join us in the magic kitchen to find out who is helping Muireann today. Cócó has a special recipe - Wontons. 
	Sraith spleodrach cócaireachta do pháistí óga.  Bí linn sa chistin go bhfeicfidh tú cé a bheidh ag cuidiú le Muireann.  Beidh oideas speisialta ag Cócó inniu - wonton!
Bia Linn	1	24	Cula4	Cookery series for pre-schoolers, presented by Muireann and Cócó an Cócaire. Join us in the magic kitchen to find out who is helping Muireann today. Cócó has a special recipe - Burgers. 	Sraith spleodrach cócaireachta do pháistí óga.  Bí linn sa chistin go bhfeicfidh tú cé a bheidh ag cuidiú le Muireann.  Beidh oideas speisialta ag Cócó inniu - burgair!
Bia Linn	1	22	Cula4	Cookery series for pre-schoolers, presented by Muireann and Cócó an Cócaire. Join us in the magic kitchen to find out who is helping Muireann today. Cócó has a special recipe - latkes!
	Sraith spleodrach cócaireachta do pháistí óga.  Bí linn sa chistin go bhfeicfidh tú cé a bheidh ag cuidiú le Muireann.  Beidh oideas speisialta ag Cócó inniu - latke!
Bia Linn	1	20	Cula4	Cookery series for pre-schoolers, presented by Muireann and Cócó an Cócaire. Join us in the magic kitchen to find out who is helping Muireann today. Cócó has a special recipe today for breakfast!
	Sraith spleodrach cócaireachta do pháistí óga.  Bí linn sa chistin go bhfeicfidh tú cé a bheidh ag cuidiú le Muireann.  Beidh oideas speisialta ag Cócó inniu don bhricfeasta!
Bia Linn	1	17	Cula4	Cookery series for pre-schoolers, presented by Muireann and Cócó an Cócaire. Join us in the magic kitchen to find out who is helping Muireann today. - Cócó has a special recipe - gingerbread men!
	Sraith spleodrach cócaireachta do pháistí óga.  Bí linn sa chistin go bhfeicfidh tú cé a bheidh ag cuidiú le Muireann.  Beidh oideas speisialta ag Cócó inniu - fir shinséir!


Bia Linn	1	18	Cula4	Cookery series for pre-schoolers, presented by Muireann and Cócó an Cócaire. Join us in the magic kitchen to find out who is helping Muireann today. Cócó has a special recipe - Bean Hotpot.
	Sraith spleodrach cócaireachta do pháistí óga.  Bí linn sa chistin go bhfeicfidh tú cé a bheidh ag cuidiú le Muireann.  Beidh oideas speisialta ag Cócó inniu  - pota pónairí!
Bia Linn	1	16	Cula4	Cookery series for pre-schoolers, presented by Muireann and Cócó an Cócaire. Join us in the magic kitchen to find out who is helping Muireann today. Cócó has a special recipe - fish fingers!
	Sraith spleodrach cócaireachta do pháistí óga, á chur i láthair ag Muireann agus ag Cócó an Cócaire. Bí linn sa chistin go bhfeicfidh tú cé a bheidh ag cuidiú le Muireann. Beidh oideas speisialta ag Cócó inniu - méara éisc!
Bia Linn	1	23	Cula4	Cookery series for pre-schoolers, presented by Muireann and Cócó an Cócaire. Join us in the magic kitchen to find out who is helping Muireann today. Cócó has a special recipe - soup. 	Sraith spleodrach cócaireachta do pháistí óga. Bí linn sa chistin go bhfeicfidh tú cé a bheidh ag cuidiú le Muireann. Beidh oideas speisialta ag Cócó inniu - anraith!


Bia Linn 2	2	1	Cula4	Joining Muireann in the kitchen today are Muireann, Sorcha, Tadhg and Niamh as they cook up a really yummy treat with Apples! Coco travels to Armagh to find out where apples come from! 
	Sraith spleodrach cócaireachta do pháistí óga. Bí linn sa chistin go bhfeicfidh tú cé a bheidh ag cuidiú le Muireann. Ag cócaireacht úll a bheidh Muireann inniu. 
Cluichí Cúla 4	1	33	Cula4	Weekly gaming videos with Mailí de Cléir.	Mír nua gach seachtain le Mailí de Cléir.
Cluichí Cúla 4	1	34	Cula4	Weekly gaming videos with Mailí de Cléir.	Mír nua gach seachtain le Mailí de Cléir.
Cluichí Cúla 4	1	33	Cula4	Weekly gaming videos with Mailí de Cléir.	Mír nua gach seachtain le Mailí de Cléir.
Cluichí Cúla 4	1	32	Cula4	Weekly gaming videos with Mailí de Cléir.	Foghlaim conas Banner a mhaisiú le Mailí!
Cluichí Cúla 4	1	31	Cula4	Weekly gaming videos with Mailí de Cléir.	Sa bhfíseán seo taispeánfaidh Mailí duit conas Banner a thógáil. 
Cluichí Cúla 4	1	30	Cula4	This week Mailí shows us how to build the Creeper mask.	Sa bhfíseán seo tabharfaidh Maillí leideanna daoibh faoi conas an Cloigeann Creeper a thógáil !
Cluichí Cúla 4	1	29	Cula4	Mailí is back after her holidays!! Comment on what you would like her to tackle each week in her Minecraft videos.	Tá mé ar ais le sraith nua Minecraft. Déan teagmháil liom & inis dom céard ba mhaith leat a fheiceáil gach seachtain!!
CúlaClab	1	38	Cula4	'Cúlaclab' is a weekly feature in which young people are asked on their thoughts on various themes.	Cad é an barrán píotsa is fearr leat ?

Cluichí Cúla 4	1	28	Cula4	Mailí is back again this week taking on Scott Jones in the Glide mini game on Minecraft.	Tá Mailí arais linn an tseachtain seo agus í i ngéariomaíocht le Scott Jones is iad ag tabhairt faoin mionchluiche Glide ar Minecraft. 
Cluichí Cúla 4	1	27	Cula4	Eoin, or Demolition Football as he is better known as, is back with us this week taking on the Starter Cup.
	Tá Eoin, nó Demolition Football mar is fearr aithne air, arais linn le físeán eile agus é ag tabhairt faoin Starter Cup.

Cluichí Cúla 4	1	35	Cula4	Weekly gaming videos with Mailí de Cléir.	Mír nua gach seachtain le Mailí de Cléir.
Cluichí Cúla 4	1	36	Cula4	Weekly gaming videos with Mailí de Cléir.	Mír nua gach seachtain le Mailí de Cléir.
